City_ID,City,Lat,Lng,Max Temp,Humidity,Cloudiness,Wind Speed,Country,Date
0,Laguna,38.421,-121.4238,35.25,28,1,2.68,US,2021-06-06 22:34:27
1,Hobart,-42.8794,147.3294,13.480000000000018,77,75,2.68,AU,2021-06-06 22:34:07
2,Peleduy,59.6289,112.7406,8.950000000000045,66,45,3.47,RU,2021-06-06 22:34:55
3,Bambous Virieux,-20.3428,57.7575,24.140000000000043,78,40,6.45,MU,2021-06-06 22:34:57
4,Novo Aripuanã,-5.1206,-60.3797,26.120000000000005,78,97,0.59,BR,2021-06-06 22:34:59
5,Vostok,46.4856,135.8833,15.600000000000023,58,73,1.81,RU,2021-06-06 22:35:01
6,Constitución,-35.3333,-72.4167,11.07000000000005,72,100,4.02,CL,2021-06-06 22:35:03
7,Jamestown,42.097,-79.2353,28.620000000000005,50,1,3.09,US,2021-06-06 22:34:15
8,Khatanga,71.9667,102.5,1.3400000000000318,89,97,3.12,RU,2021-06-06 22:35:07
9,Upernavik,72.7868,-56.1549,3.2100000000000364,84,66,2.04,GL,2021-06-06 22:35:08
10,Tuatapere,-46.1333,167.6833,9.900000000000034,79,18,2.07,NZ,2021-06-06 22:35:10
11,Ola,59.5833,151.2833,9.160000000000025,75,40,2.17,RU,2021-06-06 22:35:12
12,Busselton,-33.65,115.3333,7.830000000000041,78,0,3.5,AU,2021-06-06 22:35:14
13,Cortes,41.9395,-1.4396,19.840000000000032,58,0,7.33,ES,2021-06-06 22:35:16
14,Letnyaya Stavka,45.4306,43.4472,14.720000000000027,87,100,4.94,RU,2021-06-06 22:35:13
15,Fairview,40.8126,-73.999,33.920000000000016,44,20,1.54,US,2021-06-06 22:35:19
16,Mar del Plata,-38.0023,-57.5575,12.29000000000002,70,0,3.58,AR,2021-06-06 22:34:10
17,Tiksi,71.6872,128.8694,6.57000000000005,64,100,0.69,RU,2021-06-06 22:35:23
18,Thompson,55.7435,-97.8558,16.090000000000032,77,90,4.63,CA,2021-06-06 22:35:24
19,Cayenne,4.9333,-52.3333,26.160000000000025,86,0,2.45,GF,2021-06-06 22:35:28
20,La Rioja,42.25,-2.5,12.25,84,20,2.38,ES,2021-06-06 22:35:30
21,Ushuaia,-54.8,-68.3,6.810000000000002,57,40,5.66,AR,2021-06-06 22:35:32
22,Barrow,71.2906,-156.7887,0.010000000000047748,86,90,6.17,US,2021-06-06 22:35:33
23,Punta Arenas,-53.15,-70.9167,5.060000000000002,75,0,5.28,CL,2021-06-06 22:32:11
24,Fukuechō,32.6881,128.8419,21.180000000000007,77,100,2.82,JP,2021-06-06 22:35:37
25,Ribeira Grande,38.5167,-28.7,18.420000000000016,87,100,3.42,PT,2021-06-06 22:35:39
26,Jamu Mare,45.2542,21.4169,16.160000000000025,97,38,1.5,RO,2021-06-06 22:35:41
27,Cidreira,-30.1811,-50.2056,17.25,76,100,4.94,BR,2021-06-06 22:35:43
28,Sittwe,20.15,92.9,28.57000000000005,83,100,3.0,MM,2021-06-06 22:35:45
29,Ferrol,43.4832,-8.2369,15.930000000000007,80,78,3.98,ES,2021-06-06 22:35:46
30,Srīvardhan,18.0333,73.0167,27.80000000000001,76,37,2.35,IN,2021-06-06 22:35:48
31,Bilma,18.6853,12.9164,33.31,16,99,3.51,NE,2021-06-06 22:35:50
32,Petauke,-14.2426,31.3253,13.82000000000005,69,62,5.62,ZM,2021-06-06 22:35:52
33,Albany,42.6001,-73.9662,32.360000000000014,59,46,2.25,US,2021-06-06 22:35:53
34,Alofi,-19.0595,-169.9187,26.939999999999998,61,54,3.6,NU,2021-06-06 22:35:55
35,Yellowknife,62.456,-114.3525,10.310000000000002,53,75,2.68,CA,2021-06-06 22:35:57
36,Vaini,-21.2,-175.2,25.090000000000032,78,75,6.17,TO,2021-06-06 22:34:02
37,Big Spring,32.2504,-101.4787,36.27000000000004,48,1,2.24,US,2021-06-06 22:36:04
38,Verkhoshizhem'ye,58.011,49.1038,12.04000000000002,78,5,0.91,RU,2021-06-06 22:36:06
39,Butaritari,3.0707,172.7902,28.100000000000023,72,12,3.79,KI,2021-06-06 22:36:08
40,Faanui,-16.4833,-151.75,27.210000000000036,77,82,5.24,PF,2021-06-06 22:36:10
41,Vao,-22.6667,167.4833,21.170000000000016,65,99,7.31,NC,2021-06-06 22:34:10
42,Palāsa,18.7667,84.4167,28.640000000000043,80,100,4.31,IN,2021-06-06 22:36:13
43,Rikitea,-23.1203,-134.9692,24.870000000000005,83,98,6.81,PF,2021-06-06 22:34:07
44,Hermanus,-34.4187,19.2345,19.390000000000043,44,1,5.11,ZA,2021-06-06 22:36:17
45,Cape Town,-33.9258,18.4232,22.230000000000018,27,0,5.91,ZA,2021-06-06 22:31:18
46,Miguel Alves,-4.1656,-42.8953,25.220000000000027,68,34,1.08,BR,2021-06-06 22:36:20
47,Hauterive,46.0901,3.4459,15.420000000000016,96,81,1.03,FR,2021-06-06 22:36:22
48,Merrill,45.1805,-89.6835,29.680000000000007,47,75,5.66,US,2021-06-06 22:36:25
49,Necochea,-38.5473,-58.7368,8.350000000000023,57,100,3.05,AR,2021-06-06 22:36:27
50,Kaitangata,-46.2817,169.8464,9.53000000000003,73,74,2.21,NZ,2021-06-06 22:36:29
51,Hilo,19.7297,-155.09,26.850000000000023,72,90,6.17,US,2021-06-06 22:34:14
52,Clyde River,70.4692,-68.5914,2.1299999999999955,93,90,2.06,CA,2021-06-06 22:36:32
53,Fairbanks,64.8378,-147.7164,21.189999999999998,46,90,5.14,US,2021-06-06 22:36:34
54,Boguchany,58.3814,97.4531,10.75,96,98,5.17,RU,2021-06-06 22:36:36
55,Bluff,-46.6,168.3333,9.890000000000043,80,61,3.72,NZ,2021-06-06 22:36:38
56,Waingapu,-9.6567,120.2641,25.28000000000003,83,42,2.94,ID,2021-06-06 22:36:40
57,Provideniya,64.3833,-173.3,7.060000000000002,61,75,3.0,RU,2021-06-06 22:36:41
58,Nikolskoye,59.7035,30.7861,15.939999999999998,83,70,1.63,RU,2021-06-06 22:36:43
59,Iquitos,-3.7481,-73.2472,29.02000000000004,74,20,1.54,PE,2021-06-06 22:36:45
60,Avarua,-21.2078,-159.775,24.03000000000003,60,75,2.57,CK,2021-06-06 22:35:15
61,Muroto-misakicho,33.2833,134.15,21.02000000000004,64,100,0.98,JP,2021-06-06 22:33:35
62,Andenes,69.3143,16.1194,13.04000000000002,76,90,1.54,NO,2021-06-06 22:36:50
63,Klaksvík,62.2266,-6.589,10.510000000000048,99,100,6.96,FO,2021-06-06 22:36:52
64,Zemio,5.0314,25.1361,20.120000000000005,88,100,1.34,CF,2021-06-06 22:36:53
65,Dera Ghazi Khan,30.0561,70.6348,36.10000000000002,26,0,4.0,PK,2021-06-06 22:36:55
66,Hithadhoo,-0.6,73.0833,28.189999999999998,73,11,5.52,MV,2021-06-06 22:34:11
67,Narsaq,60.9167,-46.05,13.120000000000005,66,100,1.52,GL,2021-06-06 22:34:09
68,Mehamn,71.0357,27.8492,4.300000000000011,69,5,0.87,NO,2021-06-06 22:37:00
69,Örnsköldsvik,63.2909,18.7153,15.900000000000034,82,20,1.31,SE,2021-06-06 22:37:03
70,Torbay,47.6666,-52.7314,7.930000000000007,87,75,8.75,CA,2021-06-06 22:35:29
71,Bredasdorp,-34.5322,20.0403,13.490000000000009,47,4,2.96,ZA,2021-06-06 22:37:07
72,Ixtapa,20.7,-105.2,30.129999999999995,70,40,5.14,MX,2021-06-06 22:37:09
73,Bengkulu,-3.8004,102.2655,23.100000000000023,89,25,1.66,ID,2021-06-06 22:37:10
74,Atuona,-9.8,-139.0333,26.77000000000004,62,61,3.01,PF,2021-06-06 22:32:46
75,Bondo,3.8146,23.6866,19.74000000000001,99,91,0.16,CD,2021-06-06 22:37:14
76,Touros,-5.1989,-35.4608,24.5,86,12,5.74,BR,2021-06-06 22:35:45
77,Puerto Ayora,-0.7393,-90.3518,26.980000000000018,90,38,1.34,EC,2021-06-06 22:34:33
78,Porto Velho,-8.7619,-63.9039,25.03000000000003,94,20,1.54,BR,2021-06-06 22:37:19
79,Turukhansk,65.8167,87.9833,1.0300000000000296,80,74,3.19,RU,2021-06-06 22:37:21
80,Saint-Leu,-21.15,55.2833,22.480000000000018,83,64,7.38,RE,2021-06-06 22:37:23
81,Qaanaaq,77.484,-69.3632,4.650000000000034,76,59,2.41,GL,2021-06-06 22:34:57
82,Kavieng,-2.5744,150.7967,27.950000000000045,75,56,2.72,PG,2021-06-06 22:37:27
83,Sai Buri,6.7013,101.6168,25.100000000000023,87,100,1.96,TH,2021-06-06 22:37:28
84,Tokur,53.1333,132.9,14.550000000000011,58,98,1.51,RU,2021-06-06 22:37:30
85,Samarai,-10.6167,150.6667,25.930000000000007,88,99,6.88,PG,2021-06-06 22:37:32
86,Huarmey,-10.0681,-78.1522,19.08000000000004,81,96,3.76,PE,2021-06-06 22:37:35
87,Honiara,-9.4333,159.95,29.02000000000004,72,8,3.05,SB,2021-06-06 22:37:37
88,Boffa,10.1667,-14.0333,26.640000000000043,88,97,2.75,GN,2021-06-06 22:37:39
89,Dawei,14.0833,98.2,25.170000000000016,91,100,0.98,MM,2021-06-06 22:37:41
90,Punta Alta,-38.8759,-62.0736,11.07000000000005,47,100,4.58,AR,2021-06-06 22:37:43
91,Altamira,-3.2033,-52.2064,25.689999999999998,71,55,0.81,BR,2021-06-06 22:37:45
92,Tommot,58.9564,126.2925,12.980000000000018,84,83,6.09,RU,2021-06-06 22:37:48
93,Mataura,-46.1927,168.8643,9.710000000000036,77,59,1.51,NZ,2021-06-06 22:37:50
94,Egvekinot,66.3167,-179.1667,3.6100000000000136,59,8,0.54,RU,2021-06-06 22:35:12
95,Mossamedes,-15.1961,12.1522,23.410000000000025,50,41,4.14,AO,2021-06-06 22:37:53
96,Hong Kong,22.2855,114.1577,27.99000000000001,84,47,2.68,HK,2021-06-06 22:34:51
97,Miramar,25.9873,-80.2323,30.57000000000005,72,75,6.69,US,2021-06-06 22:34:22
98,Santo Domingo,18.5001,-69.9886,24.82000000000005,89,98,1.34,DO,2021-06-06 22:35:37
99,Saskylakh,71.9167,114.0833,4.020000000000039,56,77,2.05,RU,2021-06-06 22:38:02
100,Pangnirtung,66.1451,-65.7125,0.27000000000003865,93,26,1.28,CA,2021-06-06 22:38:05
101,Fortuna,40.5982,-124.1573,21.77000000000004,60,20,1.79,US,2021-06-06 22:38:07
102,Dikson,73.5069,80.5464,-1.4699999999999704,92,100,5.35,RU,2021-06-06 22:38:09
103,Hofn,64.2539,-15.2082,8.330000000000041,98,95,5.7,IS,2021-06-06 22:35:16
104,Arraial do Cabo,-22.9661,-42.0278,22.980000000000018,94,75,9.15,BR,2021-06-06 22:38:13
105,Bouna,9.2667,-3.0,22.99000000000001,89,52,2.05,CI,2021-06-06 22:38:14
106,Sumenep,-7.0167,113.8667,25.939999999999998,83,26,1.34,ID,2021-06-06 22:38:16
107,Geraldton,-28.7667,114.6,13.230000000000018,82,94,7.9,AU,2021-06-06 22:38:18
108,Tasiilaq,65.6145,-37.6368,5.090000000000032,91,98,2.34,GL,2021-06-06 22:34:01
109,Mapastepec,15.4333,-92.9,29.53000000000003,80,60,2.13,MX,2021-06-06 22:38:21
110,Port Lincoln,-34.7333,135.8667,16.010000000000048,52,94,10.64,AU,2021-06-06 22:38:23
111,Yagoua,10.3411,15.2329,29.75,49,31,1.94,CM,2021-06-06 22:38:25
112,Saint Paul Harbor,57.79,-152.4072,13.270000000000039,52,12,2.74,US,2021-06-06 22:38:27
113,Ilo,-17.6394,-71.3375,16.720000000000027,86,18,2.13,PE,2021-06-06 22:38:31
114,Makkah al Mukarramah,21.4267,39.8261,29.75,55,23,1.59,SA,2021-06-06 22:38:33
115,Aasiaat,68.7098,-52.8699,2.8100000000000023,85,65,3.31,GL,2021-06-06 22:37:50
116,Cabo San Lucas,22.8909,-109.9124,38.23000000000002,45,1,4.63,MX,2021-06-06 22:35:45
117,Saint George,37.1041,-113.5841,40.26000000000005,11,1,2.68,US,2021-06-06 22:33:54
118,San Isidro,-12.1167,-77.05,18.77000000000004,85,90,3.98,PE,2021-06-06 22:38:40
119,Esperance,-33.8667,121.9,13.910000000000025,61,100,12.25,AU,2021-06-06 22:38:41
120,Nome,64.5011,-165.4064,2.8700000000000045,80,90,5.14,US,2021-06-06 22:38:26
121,Kapaa,22.0752,-159.319,28.180000000000007,71,40,1.79,US,2021-06-06 22:38:45
122,Vanavara,60.34,102.2797,6.0,54,72,1.72,RU,2021-06-06 22:38:47
123,Along,28.1667,94.7667,22.07000000000005,99,100,0.78,IN,2021-06-06 22:38:48
124,Carnarvon,-24.8667,113.6333,16.04000000000002,67,90,4.12,AU,2021-06-06 22:34:43
125,Desenzano del Garda,45.468,10.534,19.99000000000001,88,75,2.12,IT,2021-06-06 22:38:52
126,Uttaradit,17.6667,100.5,21.920000000000016,97,100,0.47,TH,2021-06-06 22:38:54
127,Avilés,43.5547,-5.9248,15.650000000000034,94,75,2.06,ES,2021-06-06 22:38:56
128,Hammerfest,70.6634,23.6821,4.25,81,0,2.57,NO,2021-06-06 22:38:58
129,Paphos,34.7667,32.4167,20.950000000000045,52,0,2.57,CY,2021-06-06 22:38:59
130,Chui,-33.6971,-53.4616,10.210000000000036,79,83,2.66,UY,2021-06-06 22:39:01
131,Wajir,1.7471,40.0573,24.480000000000018,67,15,8.97,KE,2021-06-06 22:39:05
132,Ancud,-41.8697,-73.8203,11.240000000000009,85,100,7.31,CL,2021-06-06 22:38:14
133,Morki,56.4303,48.9947,13.020000000000039,90,11,0.67,RU,2021-06-06 22:35:12
134,Nyurba,63.2842,118.3319,10.370000000000005,64,92,6.18,RU,2021-06-06 22:39:10
135,Chelyabinsk,55.1544,61.4297,12.050000000000011,66,40,2.7,RU,2021-06-06 22:39:11
136,Antibes,43.5624,7.1278,19.710000000000036,90,75,1.39,FR,2021-06-06 22:39:13
137,Meulaboh,4.1363,96.1285,23.439999999999998,88,100,2.41,ID,2021-06-06 22:35:35
138,East London,-33.0153,27.9116,16.82000000000005,39,0,4.13,ZA,2021-06-06 22:35:08
139,Severo-Kuril'sk,50.6789,156.125,6.110000000000014,93,100,4.87,RU,2021-06-06 22:39:22
140,Dalvik,65.9702,-18.5286,10.960000000000036,69,82,3.21,IS,2021-06-06 22:39:24
141,Castro,-24.7911,-50.0119,15.75,71,96,1.56,BR,2021-06-06 22:34:32
142,Great Yarmouth,52.6083,1.7305,14.490000000000009,70,88,3.41,GB,2021-06-06 22:39:27
143,Pisco,-13.7,-76.2167,18.340000000000032,77,0,3.6,PE,2021-06-06 22:39:29
144,Atambua,-9.1061,124.8925,22.140000000000043,75,33,2.02,ID,2021-06-06 22:38:25
145,Marevo,57.3146,32.0804,14.0,83,47,1.5,RU,2021-06-06 22:39:32
146,Otradnoye,59.7775,30.8181,16.03000000000003,84,75,1.51,RU,2021-06-06 22:39:34
147,Comodoro Rivadavia,-45.8667,-67.5,9.920000000000016,57,0,5.14,AR,2021-06-06 22:36:36
148,Kita,13.0349,-9.4895,30.939999999999998,38,56,1.16,ML,2021-06-06 22:39:37
149,Sitka,57.0531,-135.33,11.939999999999998,71,90,2.06,US,2021-06-06 22:39:39
150,Araguari,-18.6472,-48.1872,21.160000000000025,44,100,1.1,BR,2021-06-06 22:36:04
151,Jaisalmer,26.9147,70.9181,30.02000000000004,56,0,7.9,IN,2021-06-06 22:39:44
152,Santo André,-23.6639,-46.5383,19.760000000000048,85,75,2.58,BR,2021-06-06 22:39:46
153,Havre-St-Pierre,50.2334,-63.5986,14.200000000000045,51,1,7.2,CA,2021-06-06 22:39:48
154,Lüderitz,-26.6481,15.1594,20.29000000000002,31,1,4.49,NA,2021-06-06 22:36:28
155,Port Alfred,-33.5906,26.891,17.810000000000002,35,0,3.73,ZA,2021-06-06 22:39:52
156,Bonthe,7.5264,-12.505,26.680000000000007,87,100,3.89,SL,2021-06-06 22:39:53
157,Port-Gentil,-0.7193,8.7815,26.980000000000018,83,90,4.12,GA,2021-06-06 22:39:55
158,Nhulunbuy,-12.2333,136.7667,26.340000000000032,78,90,3.6,AU,2021-06-06 22:39:57
159,Nanortalik,60.1432,-45.2371,6.82000000000005,74,100,6.22,GL,2021-06-06 22:40:01
160,Ust-Nera,64.5667,143.2,17.450000000000045,62,100,3.03,RU,2021-06-06 22:40:06
161,Port Elizabeth,-33.918,25.5701,16.82000000000005,28,0,4.38,ZA,2021-06-06 22:40:08
162,Valparaíso,-33.0393,-71.6273,13.04000000000002,63,0,2.57,CL,2021-06-06 22:38:22
163,Inírida,3.8653,-67.9239,24.0,95,73,1.0,CO,2021-06-06 22:40:12
164,Brae,60.3964,-1.353,8.950000000000045,83,41,1.54,GB,2021-06-06 22:40:13
165,Port Hedland,-20.3167,118.5667,22.03000000000003,33,61,5.14,AU,2021-06-06 22:40:15
166,Katsuura,35.1333,140.3,22.33000000000004,90,97,0.51,JP,2021-06-06 22:40:17
167,Sovetskaya Gavan',48.9723,140.2878,9.480000000000018,85,67,2.18,RU,2021-06-06 22:40:18
168,Sisimiut,66.9395,-53.6735,6.0,83,100,1.41,GL,2021-06-06 22:40:22
169,Bethel,41.3712,-73.414,32.47000000000003,46,1,4.12,US,2021-06-06 22:40:25
170,Lebu,-37.6167,-73.65,9.330000000000041,79,91,1.88,CL,2021-06-06 22:40:27
171,eMkhomazi,-30.2067,30.7978,15.379999999999995,82,0,5.04,ZA,2021-06-06 22:40:29
172,Vila Franca do Campo,37.7167,-25.4333,18.230000000000018,86,100,0.82,PT,2021-06-06 22:36:09
173,Great Falls,47.5002,-111.3008,19.27000000000004,25,1,0.89,US,2021-06-06 22:40:11
174,Derzhavīnsk,51.1,66.3167,14.220000000000027,39,73,3.83,KZ,2021-06-06 22:40:34
175,Veinticinco de Mayo,-35.4323,-60.1727,11.700000000000045,63,95,0.89,AR,2021-06-06 22:40:36
176,Beloha,-25.1667,45.05,16.24000000000001,79,16,5.45,MG,2021-06-06 22:40:38
177,Mount Isa,-20.7333,139.5,15.870000000000005,41,0,1.54,AU,2021-06-06 22:40:39
178,Sarangani,5.4033,125.4636,28.07000000000005,74,99,1.97,PH,2021-06-06 22:39:35
179,Tomatlán,19.9333,-105.25,32.48000000000002,45,45,4.67,MX,2021-06-06 22:40:43
180,Aykhal,66.0,111.5,2.730000000000018,75,93,11.77,RU,2021-06-06 22:40:44
181,Broome,42.2506,-75.833,30.890000000000043,48,40,1.55,US,2021-06-06 22:39:17
182,Mumford,5.2618,-0.759,26.629999999999995,82,17,5.01,GH,2021-06-06 22:40:48
183,Artesia,33.8658,-118.0831,29.400000000000034,61,1,1.79,US,2021-06-06 22:39:08
184,Grootfontein,-19.5667,18.1167,7.760000000000048,61,0,2.06,NA,2021-06-06 22:40:51
185,Chumikan,54.7183,135.315,4.840000000000032,84,88,1.99,RU,2021-06-06 22:40:53
186,Paamiut,61.994,-49.6678,3.420000000000016,98,100,1.4,GL,2021-06-06 22:40:55
187,Chokurdakh,70.6333,147.9167,3.82000000000005,68,99,2.58,RU,2021-06-06 22:40:57
188,Corner Brook,48.9667,-57.9484,14.090000000000032,67,42,1.88,CA,2021-06-06 22:41:02
189,Iqaluit,63.7506,-68.5145,0.8500000000000227,86,75,2.68,CA,2021-06-06 22:40:10
190,Arrondissement de Vire,48.9167,-0.8333,11.660000000000025,93,87,1.16,FR,2021-06-06 22:41:06
191,Urucará,-2.5364,-57.76,27.090000000000032,70,88,0.98,BR,2021-06-06 22:41:07
192,Lima,-12.0432,-77.0282,18.140000000000043,83,90,3.09,PE,2021-06-06 22:31:33
193,Sørland,67.667,12.6934,11.230000000000018,84,99,3.25,NO,2021-06-06 22:41:11
194,Tateyama,34.9833,139.8667,22.860000000000014,89,93,0.91,JP,2021-06-06 22:41:12
195,Saint-Pierre,-21.3393,55.4781,22.82000000000005,85,75,10.8,RE,2021-06-06 22:41:14
196,Dolores,-36.3132,-57.6792,7.340000000000032,72,88,1.87,AR,2021-06-06 22:39:10
197,Airai,-8.9266,125.4092,15.53000000000003,72,47,1.14,TL,2021-06-06 22:41:19
198,Inhambane,-23.865,35.3833,19.560000000000002,74,82,4.9,MZ,2021-06-06 22:41:21
199,Kaeo,-35.1,173.7833,15.740000000000009,97,100,6.17,NZ,2021-06-06 22:41:23
200,Olinda,-8.0089,-34.8553,25.850000000000023,69,40,5.03,BR,2021-06-06 22:41:00
201,Namwala,-15.7504,26.4384,10.740000000000009,67,80,2.03,ZM,2021-06-06 22:41:26
202,Salalah,17.0151,54.0924,29.05000000000001,89,75,3.6,OM,2021-06-06 22:41:28
203,Menzelinsk,55.7271,53.1026,16.58000000000004,78,0,0.63,RU,2021-06-06 22:41:30
204,Lázaro Cárdenas,17.9583,-102.2,30.80000000000001,61,89,5.66,MX,2021-06-06 22:41:32
205,Esim,4.8699,-2.2405,26.189999999999998,82,11,3.98,GH,2021-06-06 22:41:34
206,Lavrentiya,65.5833,-171.0,1.5500000000000114,94,100,1.45,RU,2021-06-06 22:41:36
207,Gwadar,25.1216,62.3254,28.150000000000034,77,35,1.5,PK,2021-06-06 22:41:38
208,Beihai,21.4833,109.1,26.600000000000023,75,17,4.14,CN,2021-06-06 22:41:40
209,Letterkenny,54.95,-7.7333,8.189999999999998,93,96,0.67,IE,2021-06-06 22:41:42
210,Bonavista,48.6499,-53.1147,7.0,85,75,8.01,CA,2021-06-06 22:41:43
211,Zhigansk,66.7697,123.3711,11.360000000000014,40,100,5.42,RU,2021-06-06 22:41:45
212,Assiut,27.181,31.1837,24.100000000000023,35,12,7.76,EG,2021-06-06 22:41:47
213,Nosy Varika,-20.5833,48.5333,18.960000000000036,78,85,4.42,MG,2021-06-06 22:41:49
214,Ondjiva,-17.0667,15.7333,13.110000000000014,48,15,3.65,AO,2021-06-06 22:41:51
215,Ayan,56.45,138.1667,5.470000000000027,89,99,1.9,RU,2021-06-06 22:40:37
216,Latung,5.5,120.8833,28.24000000000001,75,99,1.87,PH,2021-06-06 22:41:54
217,Belaya Gora,68.5333,146.4167,5.990000000000009,67,100,2.25,RU,2021-06-06 22:41:56
218,New Norfolk,-42.7826,147.0587,13.840000000000032,78,100,0.89,AU,2021-06-06 22:41:58
219,Nizhneudinsk,54.9076,99.0276,9.100000000000023,70,58,2.35,RU,2021-06-06 22:42:01
220,São José da Coroa Grande,-8.8978,-35.1478,24.620000000000005,84,24,3.96,BR,2021-06-06 22:42:03
221,Tual,-5.6667,132.75,27.370000000000005,78,100,6.45,ID,2021-06-06 22:42:05
222,Srednekolymsk,67.45,153.6833,6.990000000000009,71,100,6.96,RU,2021-06-06 22:42:07
223,Gwanda,-20.9333,29.0,8.830000000000041,92,11,2.55,ZW,2021-06-06 22:42:09
224,Nanton,50.3501,-113.7687,17.03000000000003,35,77,4.72,CA,2021-06-06 22:42:11
225,Santa Lucía,27.9117,-15.5407,15.620000000000005,73,75,5.15,ES,2021-06-06 22:42:13
226,Berlevåg,70.8578,29.0864,4.03000000000003,72,6,0.35,NO,2021-06-06 22:41:00
227,Matara,5.9485,80.5353,25.680000000000007,90,96,4.34,LK,2021-06-06 22:42:16
228,Ponta do Sol,32.6667,-17.1,19.350000000000023,76,4,2.63,PT,2021-06-06 22:42:18
229,Mogadishu,2.0371,45.3438,26.010000000000048,87,47,9.19,SO,2021-06-06 22:42:22
230,Vestmanna,62.1564,-7.1664,9.510000000000048,100,90,4.18,FO,2021-06-06 22:42:24
231,Bend,44.0582,-121.3153,16.939999999999998,37,90,2.24,US,2021-06-06 22:37:49
232,Borogontsy,62.6683,131.1683,13.180000000000007,62,99,2.61,RU,2021-06-06 22:42:27
233,Saint-Philippe,-21.3585,55.7679,22.77000000000004,86,77,6.18,RE,2021-06-06 22:42:14
234,Souillac,-20.5167,57.5167,24.210000000000036,78,40,5.53,MU,2021-06-06 22:42:30
235,Rundu,-17.9333,19.7667,9.300000000000011,58,21,2.83,NA,2021-06-06 22:42:32
236,Lashio,22.9333,97.75,19.920000000000016,98,100,0.31,MM,2021-06-06 22:42:34
237,Broken Hill,-31.95,141.4333,10.840000000000032,62,26,5.66,AU,2021-06-06 22:42:36
238,Sur,22.5667,59.5289,28.79000000000002,78,0,5.09,OM,2021-06-06 22:42:38
239,Sinnamary,5.3833,-52.95,24.450000000000045,89,100,2.53,GF,2021-06-06 22:40:33
240,Ust-Tsilma,65.441,52.1498,1.910000000000025,68,8,2.53,RU,2021-06-06 22:42:41
241,Malakanagiri,18.35,81.9,27.05000000000001,76,17,0.75,IN,2021-06-06 22:42:43
242,Mahibadhoo,3.7833,72.9667,28.28000000000003,73,65,6.87,MV,2021-06-06 22:42:45
243,Gornyak,50.9942,81.4661,10.420000000000016,78,0,2.61,RU,2021-06-06 22:42:47
244,Qarchī Gak,37.04,66.7889,33.5,20,1,6.63,AF,2021-06-06 22:42:49
245,Talara,-4.5772,-81.2719,19.970000000000027,82,68,7.09,PE,2021-06-06 22:42:51
246,Lapua,62.9693,23.0088,14.25,89,1,1.48,FI,2021-06-06 22:42:53
247,Sambava,-14.2667,50.1667,21.720000000000027,87,27,4.59,MG,2021-06-06 22:42:55
248,Tuktoyaktuk,69.4541,-133.0374,2.0,69,90,4.12,CA,2021-06-06 22:42:56
249,Jacareacanga,-6.2222,-57.7528,26.0,72,99,0.47,BR,2021-06-06 22:42:17
250,High Level,58.5169,-117.136,18.060000000000002,45,75,4.02,CA,2021-06-06 22:43:00
251,Jiblah,13.9216,44.1467,20.629999999999995,55,4,1.77,YE,2021-06-06 22:43:02
252,Acarí,-15.4311,-74.6158,19.450000000000045,75,8,1.93,PE,2021-06-06 22:43:04
253,Iquique,-20.2208,-70.1431,16.02000000000004,80,93,2.68,CL,2021-06-06 22:43:05
254,Ambanja,-13.6833,48.45,21.5,91,69,1.06,MG,2021-06-06 22:43:07
255,Granard,53.7667,-7.5,10.03000000000003,87,99,2.26,IE,2021-06-06 22:43:11
256,Marawi,7.9986,124.2928,18.140000000000043,86,99,0.85,PH,2021-06-06 22:41:53
257,Takahagi,36.7167,140.7167,22.370000000000005,73,100,1.56,JP,2021-06-06 22:43:16
258,Ahmadpur,18.7,76.9333,26.860000000000014,69,81,3.11,IN,2021-06-06 22:43:19
259,Tshane,-24.0196,21.8684,8.25,58,0,4.53,BW,2021-06-06 22:43:21
260,Huilong,31.8111,121.655,23.350000000000023,65,20,4.62,CN,2021-06-06 22:43:23
261,Eureka,40.8021,-124.1637,20.930000000000007,71,68,3.13,US,2021-06-06 22:43:25
262,Tubualá,9.5167,-79.0333,30.060000000000002,82,77,3.25,PA,2021-06-06 22:43:27
263,Ozinki,51.1786,49.6769,16.970000000000027,77,89,0.88,RU,2021-06-06 22:43:28
264,Isangel,-19.55,169.2667,25.060000000000002,61,75,4.81,VU,2021-06-06 22:41:47
265,Panórama,40.5878,23.0315,20.850000000000023,80,20,0.45,GR,2021-06-06 22:43:32
266,Yangi Marg`ilon,40.4272,71.7189,27.680000000000007,28,77,3.09,UZ,2021-06-06 22:43:34
267,Yokadouma,3.5167,15.05,21.450000000000045,96,98,0.72,CM,2021-06-06 22:43:36
268,Cherskiy,68.75,161.3,20.02000000000004,35,100,8.67,RU,2021-06-06 22:43:39
269,Grindavik,63.8424,-22.4338,9.260000000000048,93,75,6.95,IS,2021-06-06 22:43:41
270,Kenai,60.5544,-151.2583,20.57000000000005,53,1,5.66,US,2021-06-06 22:43:43
271,‘Āhuimanu,21.4447,-157.8378,28.840000000000032,57,75,7.72,US,2021-06-06 22:43:45
272,Atherton,53.5237,-2.4935,16.75,73,28,1.45,GB,2021-06-06 22:39:22
273,Norman Wells,65.282,-126.8329,11.020000000000039,71,75,2.57,CA,2021-06-06 22:43:48
274,Ust'-Kan,50.9276,84.761,5.330000000000041,85,0,1.33,RU,2021-06-06 22:43:50
275,Yelizovo,53.1873,158.3805,7.080000000000041,100,90,0.0,RU,2021-06-06 22:43:52
276,Rocky Mountain House,52.3668,-114.9188,16.060000000000002,33,96,1.54,CA,2021-06-06 22:43:54
277,Namtsy,62.7161,129.6658,15.060000000000002,60,100,5.08,RU,2021-06-06 22:43:55
278,Parabel',58.6978,81.4825,10.129999999999995,91,99,3.98,RU,2021-06-06 22:43:57
279,Lagunas,-5.2269,-75.6753,23.640000000000043,99,93,1.15,PE,2021-06-06 22:43:59
280,Normandin,48.8333,-72.5321,23.170000000000016,46,67,3.6,CA,2021-06-06 22:44:01
281,Carutapera,-1.195,-46.02,23.78000000000003,94,16,2.41,BR,2021-06-06 22:44:05
282,Alexandria,31.2156,29.9553,20.980000000000018,68,0,4.12,EG,2021-06-06 22:36:35
283,Rock Sound,24.9,-76.2,26.200000000000045,81,91,7.0,BS,2021-06-06 22:44:08
284,Beringovskiy,63.05,179.3167,1.490000000000009,99,100,2.07,RU,2021-06-06 22:43:31
285,Mount Gambier,-37.8333,140.7667,12.950000000000045,71,100,8.23,AU,2021-06-06 22:40:17
286,Lompoc,34.6391,-120.4579,24.879999999999995,73,90,3.58,US,2021-06-06 22:44:13
287,Cururupu,-1.8283,-44.8683,22.99000000000001,97,24,1.44,BR,2021-06-06 22:44:15
288,Aswān,24.0934,32.907,28.760000000000048,16,3,5.97,EG,2021-06-06 22:44:17
289,George Town,5.4112,100.3354,26.610000000000014,93,20,0.45,MY,2021-06-06 22:44:20
290,Tevriz,57.509,72.4042,11.390000000000043,79,42,1.41,RU,2021-06-06 22:44:22
291,Camacupa,-12.0167,17.4833,11.970000000000027,55,55,1.48,AO,2021-06-06 22:44:24
292,Mińsk Mazowiecki,52.1794,21.5725,19.230000000000018,74,85,2.77,PL,2021-06-06 22:44:25
293,Kruisfontein,-34.0033,24.7314,13.640000000000043,22,2,3.69,ZA,2021-06-06 22:44:27
294,Kawai,34.2333,135.85,18.54000000000002,77,100,0.33,JP,2021-06-06 22:44:29
295,Monrovia,6.3005,-10.7969,24.870000000000005,85,98,3.8,LR,2021-06-06 22:44:31
296,Cam Ranh,11.9214,109.1591,27.980000000000018,69,20,2.98,VN,2021-06-06 22:44:33
297,Okhotsk,59.3833,143.3,6.930000000000007,83,100,1.24,RU,2021-06-06 22:42:34
298,Moses Lake,47.1301,-119.2781,16.27000000000004,31,99,5.9,US,2021-06-06 22:44:36
299,Ahipara,-35.1667,173.1667,16.53000000000003,89,100,4.08,NZ,2021-06-06 22:40:46
300,Sorong,-0.8833,131.25,26.230000000000018,85,98,2.9,ID,2021-06-06 22:44:41
301,Westport,41.1415,-73.3579,33.360000000000014,55,1,0.89,US,2021-06-06 22:43:57
302,Raymond,43.9015,-70.4703,32.900000000000034,52,79,0.97,US,2021-06-06 22:44:44
303,Krasnyy Chikoy,50.3643,108.7512,3.140000000000043,100,100,1.57,RU,2021-06-06 22:44:46
304,Haines Junction,60.7522,-137.5108,14.970000000000027,47,100,3.6,CA,2021-06-06 22:44:49
305,Leningradskiy,69.3833,178.4167,5.470000000000027,71,17,6.47,RU,2021-06-06 22:44:51
306,Mungaa,-4.9667,34.8833,12.32000000000005,88,3,3.53,TZ,2021-06-06 22:44:53
307,Ures,29.4333,-110.4,38.170000000000016,12,4,9.25,MX,2021-06-06 22:44:55
308,Coquimbo,-29.9533,-71.3436,12.850000000000023,87,90,2.92,CL,2021-06-06 22:44:56
309,San Rafael,-34.6177,-68.3301,11.930000000000007,56,61,0.53,AR,2021-06-06 22:44:58
310,Najrān,17.4924,44.1277,26.360000000000014,25,8,3.0,SA,2021-06-06 22:45:00
311,Ilulissat,69.2167,-51.1,4.010000000000048,81,69,2.06,GL,2021-06-06 22:42:35
312,Suntar,62.1444,117.6319,10.689999999999998,44,72,6.6,RU,2021-06-06 22:45:04
313,Saravena,6.9538,-71.8752,21.860000000000014,97,100,1.2,CO,2021-06-06 22:45:05
314,Vardø,70.3705,31.1107,3.9700000000000273,74,6,0.84,NO,2021-06-06 22:45:07
315,Avera,33.194,-82.5271,30.03000000000003,96,100,1.42,US,2021-06-06 22:45:09
316,Bambanglipuro,-7.95,110.2833,12.560000000000002,92,19,1.3,ID,2021-06-06 22:45:10
317,Tigil',57.8,158.6667,12.950000000000045,57,85,2.95,RU,2021-06-06 22:45:12
318,Taoudenni,22.6783,-3.9836,39.27000000000004,8,91,2.74,ML,2021-06-06 22:45:15
319,Hanchuan,30.65,113.7667,25.060000000000002,67,99,1.1,CN,2021-06-06 22:45:17
320,Bereda,43.2686,-7.5406,13.29000000000002,100,70,1.55,ES,2021-06-06 22:45:19
321,Kumul,42.8,93.45,17.920000000000016,17,32,5.79,CN,2021-06-06 22:43:59
322,Iglino,54.8324,56.4126,8.050000000000011,76,4,1.62,RU,2021-06-06 22:45:22
323,Sabha,27.0377,14.4283,27.840000000000032,18,60,5.61,LY,2021-06-06 22:44:40
324,Abu Dhabi,24.4667,54.3667,33.01000000000005,79,0,4.46,AE,2021-06-06 22:43:49
325,Buraidah,26.326,43.975,34.25,11,6,4.87,SA,2021-06-06 22:45:27
326,Gorin,51.1983,136.6669,12.689999999999998,80,67,2.0,RU,2021-06-06 22:45:29
327,Ngunguru,-35.6167,174.5,15.650000000000034,93,100,14.91,NZ,2021-06-06 22:45:31
328,Mwinilunga,-11.7358,24.4293,12.710000000000036,68,60,2.32,ZM,2021-06-06 22:45:32
329,Kantunilkín,21.0917,-87.45,29.970000000000027,58,44,3.69,MX,2021-06-06 22:45:34
330,Makungu,-8.7333,35.2833,12.430000000000007,95,21,1.05,TZ,2021-06-06 22:45:36
331,Naze,28.3667,129.4833,23.510000000000048,94,100,1.52,JP,2021-06-06 22:44:21
332,Santa Isabel,-23.3156,-46.2214,20.610000000000014,83,80,1.11,BR,2021-06-06 22:45:40
333,Longyearbyen,78.2186,15.6401,3.910000000000025,65,0,5.66,SJ,2021-06-06 22:41:22
334,Dakoro,14.5106,6.765,27.629999999999995,55,100,7.8,NE,2021-06-06 22:45:43
335,Zhuhai,22.2769,113.5678,27.879999999999995,83,20,5.05,CN,2021-06-06 22:44:00
336,Pevek,69.7008,170.3133,9.060000000000002,66,29,5.86,RU,2021-06-06 22:45:46
337,Baikunthpur,23.25,82.55,28.08000000000004,55,41,2.2,IN,2021-06-06 22:42:31
338,Sola,-13.8833,167.55,25.370000000000005,94,90,2.57,VU,2021-06-06 22:45:50
339,Cairo,30.0626,31.2497,22.620000000000005,31,0,4.18,EG,2021-06-06 22:34:45
340,Beaupré,47.0443,-70.8953,27.03000000000003,56,81,0.51,CA,2021-06-06 22:45:53
341,Soria,41.6667,-2.6667,11.590000000000032,81,3,1.41,ES,2021-06-06 22:45:55
342,Amahai,-3.3333,128.9167,26.07000000000005,84,98,1.22,ID,2021-06-06 22:45:57
343,Aklavik,68.2191,-135.0107,8.400000000000034,38,12,3.86,CA,2021-06-06 22:45:59
344,Riachão das Neves,-11.7461,-44.91,23.02000000000004,42,99,1.4,BR,2021-06-06 22:46:00
345,Trairi,-3.2778,-39.2689,25.150000000000034,86,12,2.82,BR,2021-06-06 22:41:17
346,Belle Fourche,44.6714,-103.8522,27.360000000000014,27,8,4.0,US,2021-06-06 22:41:33
347,San Vicente,-26.6167,-54.1333,14.590000000000032,98,100,0.86,AR,2021-06-06 22:46:05
348,Umm Bāb,25.2142,50.8072,30.82000000000005,68,0,2.87,QA,2021-06-06 22:46:07
349,Nishihara,26.1842,127.7558,23.810000000000002,97,90,2.76,JP,2021-06-06 22:46:09
350,San Quintín,30.4833,-115.95,18.650000000000034,64,13,4.82,MX,2021-06-06 22:44:02
351,Mandalī,33.7499,45.5541,29.810000000000002,16,0,5.11,IQ,2021-06-06 22:46:13
352,Maceió,-9.6658,-35.7353,25.689999999999998,83,20,3.4,BR,2021-06-06 22:42:08
353,Noumea,-22.2763,166.4572,22.78000000000003,99,98,3.93,NC,2021-06-06 22:42:20
354,Farah,32.5,62.5,28.390000000000043,18,0,1.64,AF,2021-06-06 22:46:18
355,Te Anau,-45.4167,167.7167,5.840000000000032,84,12,0.54,NZ,2021-06-06 22:42:27
356,Lorengau,-2.0226,147.2712,28.25,70,90,2.64,PG,2021-06-06 22:46:21
357,Alcalá de Henares,40.4821,-3.36,23.930000000000007,49,0,9.39,ES,2021-06-06 22:46:23
358,Nānākuli,21.3906,-158.1547,28.970000000000027,64,40,8.15,US,2021-06-06 22:46:25
359,Krasnosel'kup,65.7,82.4667,1.6000000000000227,75,39,4.62,RU,2021-06-06 22:46:27
360,Nísia Floresta,-6.0911,-35.2086,24.450000000000045,93,11,3.87,BR,2021-06-06 22:46:29
361,Malanje,-9.5402,16.341,16.150000000000034,49,52,1.37,AO,2021-06-06 22:46:31
362,Shache,38.4167,77.2406,24.180000000000007,22,36,4.04,CN,2021-06-06 22:46:32
363,Hobyo,5.3505,48.5268,25.760000000000048,89,25,10.42,SO,2021-06-06 22:41:46
364,Vanimo,-2.6741,141.3028,25.900000000000034,89,100,3.17,PG,2021-06-06 22:46:36
365,Nanga Eboko,4.6833,12.3667,20.189999999999998,99,99,1.25,CM,2021-06-06 22:46:38
366,Hamilton,39.1834,-84.5333,28.970000000000027,56,1,3.82,US,2021-06-06 22:44:24
367,Benavente,42.0025,-5.6783,15.060000000000002,70,86,5.56,ES,2021-06-06 22:46:42
368,Kirakira,-10.4544,161.9205,27.810000000000002,78,76,3.49,SB,2021-06-06 22:46:43
369,Kununurra,-15.7667,128.7333,15.990000000000009,72,21,0.0,AU,2021-06-06 22:42:14
370,Faya,18.3851,42.4509,21.29000000000002,48,6,1.23,SA,2021-06-06 22:46:48
371,San Fernando,15.0286,120.6898,28.970000000000027,78,99,0.71,PH,2021-06-06 22:43:36
372,Assiniboia,49.6334,-105.9845,21.900000000000034,23,26,8.13,CA,2021-06-06 22:46:52
373,Balikpapan,-1.2675,116.8289,24.890000000000043,88,96,1.75,ID,2021-06-06 22:46:54
374,Inta,66.0317,60.1659,3.1299999999999955,66,96,3.24,RU,2021-06-06 22:46:56
375,Bud,39.447,-86.1758,28.970000000000027,85,100,5.14,US,2021-06-06 22:46:58
376,Port Blair,11.6667,92.75,28.75,76,100,5.37,IN,2021-06-06 22:46:59
377,Batagay-Alyta,67.8006,130.4114,9.480000000000018,52,96,3.79,RU,2021-06-06 22:47:01
378,Aberdare,51.7144,-3.4492,14.25,95,8,0.68,GB,2021-06-06 22:47:05
379,Solton,52.8429,86.4787,8.900000000000034,91,19,1.29,RU,2021-06-06 22:47:06
380,Evensk,61.95,159.2333,6.650000000000034,81,100,1.9,RU,2021-06-06 22:42:24
381,Guaymas,27.9333,-110.9,39.94,29,34,5.0,MX,2021-06-06 22:47:10
382,Ibrā’,22.6906,58.5334,25.939999999999998,81,0,1.13,OM,2021-06-06 22:47:12
383,Flin Flon,54.7682,-101.865,13.910000000000025,82,90,3.13,CA,2021-06-06 22:47:13
384,Road Town,18.4167,-64.6167,28.05000000000001,78,40,5.14,VG,2021-06-06 22:43:54
385,Ondangwa,-17.9167,15.95,16.0,48,2,3.09,NA,2021-06-06 22:47:17
386,Antofagasta,-23.65,-70.4,15.600000000000023,83,33,3.02,CL,2021-06-06 22:45:30
387,Gemeente Wageningen,51.9667,5.6667,14.920000000000016,84,0,2.6,NL,2021-06-06 22:47:20
388,Dali,25.7,100.1833,16.710000000000036,91,50,1.4,CN,2021-06-06 22:44:27
389,Paracuru,-3.41,-39.0306,27.840000000000032,83,17,3.94,BR,2021-06-06 22:42:51
390,San Buenaventura,27.0833,-101.5333,43.04000000000002,10,1,3.98,MX,2021-06-06 22:47:27
391,Belmonte,-15.8631,-38.8828,25.28000000000003,87,15,2.85,BR,2021-06-06 22:46:53
392,Samandağ,36.0842,35.9771,22.29000000000002,68,0,1.04,TR,2021-06-06 22:47:30
393,Moerai,-22.4333,-151.3333,23.02000000000004,69,64,6.77,PF,2021-06-06 22:47:32
394,Marabu,4.4148,114.0089,23.08000000000004,100,20,2.1,MY,2021-06-06 22:47:34
395,Makakilo City,21.3469,-158.0858,28.180000000000007,55,40,5.66,US,2021-06-06 22:47:36
396,Bowen,-20.0167,148.2333,19.120000000000005,75,89,5.21,AU,2021-06-06 22:47:38
397,Waipawa,-41.4122,175.5153,11.920000000000016,82,100,3.05,NZ,2021-06-06 22:47:40
398,Alugan,12.2188,125.4808,26.110000000000014,86,100,1.57,PH,2021-06-06 22:47:41
399,Río Gallegos,-51.6226,-69.2181,4.03000000000003,65,0,4.12,AR,2021-06-06 22:47:43
400,Quelimane,-17.8786,36.8883,17.970000000000027,93,20,0.0,MZ,2021-06-06 22:47:45
401,Camaná,-16.6228,-72.7111,17.82000000000005,83,26,2.64,PE,2021-06-06 22:47:47
402,Sibiti,-3.6819,13.3499,21.230000000000018,89,56,0.96,CG,2021-06-06 22:47:48
403,Piskivka,50.6938,29.6193,14.120000000000005,94,53,2.67,UA,2021-06-06 22:47:50
404,Manacapuru,-3.2997,-60.6206,30.32000000000005,71,100,1.34,BR,2021-06-06 22:47:52
405,Coleraine,55.1333,-6.6667,11.439999999999998,89,100,2.55,GB,2021-06-06 22:47:54
406,Port Macquarie,-31.4333,152.9167,11.610000000000014,60,5,1.99,AU,2021-06-06 22:47:56
407,Heinola,61.2056,26.0381,17.05000000000001,79,85,1.07,FI,2021-06-06 22:47:58
408,Cockburn Town,21.4612,-71.1419,27.980000000000018,69,40,7.72,TC,2021-06-06 22:48:00
409,Marshall,34.3834,-86.3333,23.900000000000034,88,1,3.19,US,2021-06-06 22:48:01
410,Kipini,-2.5257,40.5262,25.33000000000004,84,4,9.45,KE,2021-06-06 22:48:03
411,Bajina Bašta,43.9708,19.5675,17.410000000000025,100,0,0.58,RS,2021-06-06 22:48:05
412,Letlhakeng,-24.0944,25.0298,9.370000000000005,63,0,5.11,BW,2021-06-06 22:48:07
413,Opuwo,-18.0607,13.84,13.270000000000039,46,1,1.81,NA,2021-06-06 22:48:09
414,Kandrian,-6.2167,149.55,26.860000000000014,83,57,0.82,PG,2021-06-06 22:48:11
415,Aksha,50.2814,113.2867,17.260000000000048,54,98,1.98,RU,2021-06-06 22:48:12
416,Shouguang,36.88,118.7375,23.54000000000002,60,95,3.83,CN,2021-06-06 22:48:14
417,Muscat,23.6139,58.5922,30.010000000000048,80,1,3.74,OM,2021-06-06 22:48:16
418,Finschhafen,-6.6024,147.8681,27.600000000000023,76,76,3.28,PG,2021-06-06 22:48:18
419,Nouadhibou,20.931,-17.0347,19.99000000000001,77,94,7.2,MR,2021-06-06 22:48:22
420,Huangmei,30.1924,116.025,24.470000000000027,70,100,0.9,CN,2021-06-06 22:48:23
421,Fukuchiyama,35.3,135.1167,24.160000000000025,65,99,2.01,JP,2021-06-06 22:48:27
422,Mackay,-21.15,149.2,18.910000000000025,67,90,2.57,AU,2021-06-06 22:48:29
423,Kalabo,-14.97,22.6814,11.350000000000023,59,85,2.69,ZM,2021-06-06 22:48:32
424,Christchurch,-43.5333,172.6333,10.010000000000048,97,90,0.89,NZ,2021-06-06 22:48:00
425,Khotynets,53.1286,35.3966,11.670000000000016,97,80,2.74,RU,2021-06-06 22:48:36
426,Luoyang,34.6836,112.4536,27.939999999999998,58,100,1.34,CN,2021-06-06 22:48:37
427,Saldanha,-33.0117,17.9442,14.03000000000003,36,2,11.97,ZA,2021-06-06 22:48:39
428,Tazovsky,67.4667,78.7,0.05000000000001137,86,94,4.03,RU,2021-06-06 22:48:41
429,Fort Morgan,40.2503,-103.8,29.410000000000025,32,75,3.09,US,2021-06-06 22:48:43
430,Araouane,18.9048,-3.5265,36.09000000000003,19,61,3.03,ML,2021-06-06 22:48:44
431,Husavik,66.0449,-17.3389,10.950000000000045,82,72,1.51,IS,2021-06-06 22:48:28
432,Den Helder,52.9599,4.7593,13.990000000000009,81,11,1.34,NL,2021-06-06 22:47:05
433,Deputatsky,69.3,139.9,6.460000000000036,57,7,2.09,RU,2021-06-06 22:48:49
434,Nautla,20.2167,-96.7833,30.390000000000043,69,41,6.4,MX,2021-06-06 22:48:51
435,Canhotinho,-8.8822,-36.1911,18.960000000000036,98,16,1.67,BR,2021-06-06 22:48:53
436,Madera,37.1666,-119.8343,35.98000000000002,22,8,0.89,US,2021-06-06 22:48:57
437,Wattegama,6.7989,81.4808,24.110000000000014,81,100,1.8,LK,2021-06-06 22:48:59
438,Bagdarin,54.4333,113.6,13.740000000000009,64,98,2.66,RU,2021-06-06 22:49:00
439,Portland,45.5234,-122.6762,18.560000000000002,56,90,1.79,US,2021-06-06 22:43:42
440,Yeppoon,-23.1333,150.7333,14.879999999999995,68,54,4.34,AU,2021-06-06 22:49:04
441,Beyneu,45.3167,55.2,18.629999999999995,50,1,4.68,KZ,2021-06-06 22:49:06
442,Neryungri,56.6709,124.6491,20.370000000000005,49,65,4.25,RU,2021-06-06 22:49:08
443,Jasper,37.2001,-94.3502,26.920000000000016,70,90,0.45,US,2021-06-06 22:48:13
444,Lerik,38.7726,48.4128,11.800000000000011,94,24,1.17,AZ,2021-06-06 22:49:11
445,Mandurah,-32.55,115.7,9.990000000000009,76,13,4.52,AU,2021-06-06 22:44:53
446,Hirara,24.8,125.2833,26.150000000000034,100,75,3.09,JP,2021-06-06 22:49:15
447,Biltine,14.5333,20.9167,31.689999999999998,16,82,2.2,TD,2021-06-06 22:49:17
448,Rusape,-18.5278,32.1284,5.850000000000023,94,83,1.57,ZW,2021-06-06 22:49:19
449,Miles City,46.4083,-105.8406,24.54000000000002,23,1,2.06,US,2021-06-06 22:49:22
450,Keflavik,64.0049,-22.5624,9.240000000000009,93,75,2.57,IS,2021-06-06 22:49:24
451,La Ronge,55.1001,-105.2842,18.120000000000005,59,75,3.09,CA,2021-06-06 22:49:27
452,Alghero,40.5589,8.3181,17.05000000000001,94,0,1.54,IT,2021-06-06 22:49:32
453,Asău,46.4333,26.4,13.860000000000014,76,4,2.17,RO,2021-06-06 22:49:17
454,Sibolga,1.7427,98.7792,23.77000000000004,79,76,1.4,ID,2021-06-06 22:49:35
455,Cortez,37.3489,-108.5859,32.24000000000001,11,1,4.63,US,2021-06-06 22:49:37
456,Millinocket,45.6573,-68.7098,30.010000000000048,57,75,2.06,US,2021-06-06 22:49:39
457,Gizo Government Station,-8.103,156.8419,28.340000000000032,74,33,2.26,SB,2021-06-06 22:49:40
458,General Roca,-39.0333,-67.5833,10.220000000000027,48,100,3.58,AR,2021-06-06 22:49:42
459,Dunda,-8.1167,34.25,17.24000000000001,67,91,2.36,TZ,2021-06-06 22:49:44
460,Svirstroy,60.7999,33.7248,13.890000000000043,82,86,2.0,RU,2021-06-06 22:49:46
461,Mahanje,-9.9333,35.3333,15.720000000000027,80,95,1.09,TZ,2021-06-06 22:49:48
462,Kota,25.1833,75.8333,31.75,44,30,4.52,IN,2021-06-06 22:49:49
463,Khani,41.9563,42.9566,7.760000000000048,94,83,1.36,GE,2021-06-06 22:49:51
464,Bauchi,10.5,10.0,24.390000000000043,77,99,2.43,NG,2021-06-06 22:49:53
465,Meybod,32.2501,54.0166,34.01000000000005,11,41,1.44,IR,2021-06-06 22:49:55
466,Hasaki,35.7333,140.8333,22.379999999999995,83,100,0.5,JP,2021-06-06 22:47:15
467,Santa Vitória do Palmar,-33.5189,-53.3681,10.5,78,92,2.65,BR,2021-06-06 22:49:58
468,Alice Springs,-23.7,133.8833,4.75,75,12,1.37,AU,2021-06-06 22:48:53
469,Buchanan,5.8808,-10.0467,24.980000000000018,84,99,3.93,LR,2021-06-06 22:50:02
470,Jinchang,38.4953,102.1739,17.879999999999995,44,71,4.2,CN,2021-06-06 22:50:06
471,Mahébourg,-20.4081,57.7,24.160000000000025,78,40,4.12,MU,2021-06-06 22:46:55
472,Kyenjojo,0.6328,30.6214,16.710000000000036,96,100,1.36,UG,2021-06-06 22:50:09
473,Salinópolis,-0.6136,-47.3561,25.439999999999998,86,37,4.21,BR,2021-06-06 22:50:11
474,Bela,25.9333,81.9833,34.08000000000004,36,75,3.22,IN,2021-06-06 22:50:14
475,Guilin,25.2819,110.2864,20.060000000000002,80,0,0.83,CN,2021-06-06 22:50:18
476,Kahului,20.8947,-156.47,30.010000000000048,64,20,11.83,US,2021-06-06 22:50:20
477,Camacha,33.0833,-16.3333,17.420000000000016,77,40,3.6,PT,2021-06-06 22:50:22
478,Korem,12.5058,39.5228,15.480000000000018,41,48,0.25,ET,2021-06-06 22:50:23
479,Richards Bay,-28.783,32.0377,14.480000000000018,80,0,3.24,ZA,2021-06-06 22:50:25
480,Hualmay,-11.0964,-77.6139,18.29000000000002,83,31,4.78,PE,2021-06-06 22:50:27
481,Terrace Bay,48.7834,-87.1,24.79000000000002,92,82,3.93,CA,2021-06-06 22:50:29
482,Guerrero Negro,27.9769,-114.0611,20.83000000000004,60,69,7.6,MX,2021-06-06 22:50:31
483,Praia da Vitória,38.7333,-27.0667,19.140000000000043,88,20,1.89,PT,2021-06-06 22:50:33
484,Bangkal,6.0667,121.0667,26.360000000000014,84,87,0.91,PH,2021-06-06 22:50:35
485,Rafaela,-31.2503,-61.4867,12.78000000000003,60,11,3.51,AR,2021-06-06 22:50:38
486,Kachug,53.9606,105.8817,9.129999999999995,79,100,2.41,RU,2021-06-06 22:50:40
487,Pemangkat,1.1667,108.9667,24.890000000000043,87,98,2.4,ID,2021-06-06 22:50:42
488,Oranjemund,-28.55,16.4333,19.150000000000034,33,0,4.62,NA,2021-06-06 22:50:44
489,Dzerzhinskoye,56.8344,95.2283,12.990000000000009,78,74,5.99,RU,2021-06-06 22:50:46
490,Pierre,44.3683,-100.351,31.510000000000048,52,1,4.02,US,2021-06-06 22:46:24
491,Rehoboth,-23.3167,17.0833,10.860000000000014,42,0,3.59,NA,2021-06-06 22:50:49
492,Bloemfontein,-29.1211,26.214,2.7100000000000364,81,0,1.54,ZA,2021-06-06 22:50:51
493,Mayumba,-3.432,10.6554,24.120000000000005,93,98,2.63,GA,2021-06-06 22:50:55
494,Nabire,-3.3667,135.4833,25.560000000000002,88,87,0.8,ID,2021-06-06 22:50:33
495,Matamoros,25.5333,-103.25,36.73000000000002,11,1,4.39,MX,2021-06-06 22:51:00
496,Mbanza-Ngungu,-5.25,14.8667,20.629999999999995,75,31,0.54,CD,2021-06-06 22:51:02
497,Laas,46.6166,10.7002,17.49000000000001,94,99,1.46,IT,2021-06-06 22:51:04
498,Turinsk,58.0458,63.696,14.890000000000043,63,87,2.07,RU,2021-06-06 22:51:06
499,San Francisco,37.7749,-122.4194,30.510000000000048,61,20,1.79,US,2021-06-06 22:38:18
500,Cairns,-16.9167,145.7667,22.260000000000048,88,75,3.6,AU,2021-06-06 22:51:09
501,Mwense,-10.3845,28.698,17.99000000000001,62,88,4.4,ZM,2021-06-06 22:51:11
502,Selty,57.3132,52.1345,11.770000000000039,86,4,1.15,RU,2021-06-06 22:51:13
503,Kimberley,-28.7323,24.7623,5.830000000000041,65,0,3.6,ZA,2021-06-06 22:51:14
504,Burgos,42.3394,-3.7079,11.230000000000018,87,0,4.12,ES,2021-06-06 22:51:16
505,Poum,-20.2333,164.0167,22.80000000000001,58,82,6.84,NC,2021-06-06 22:49:34
506,Los Llanos de Aridane,28.6585,-17.9182,17.860000000000014,82,90,5.6,ES,2021-06-06 22:51:20
507,Kigali,-1.95,30.0588,19.710000000000036,68,40,1.03,RW,2021-06-06 22:51:22
508,Ca Mau,9.1769,105.15,26.5,84,99,2.74,VN,2021-06-06 22:49:04
509,Waterford,42.7023,-83.4027,32.129999999999995,43,75,4.63,US,2021-06-06 22:47:06
510,Burla,21.5,83.8667,29.689999999999998,51,22,1.7,IN,2021-06-06 22:51:30
511,Dongsheng,39.8161,109.9776,19.840000000000032,43,100,6.04,CN,2021-06-06 22:51:31
512,Cheyenne,41.14,-104.8203,26.180000000000007,34,40,7.2,US,2021-06-06 22:51:33
513,Katobu,-4.9408,122.5276,25.230000000000018,82,53,1.38,ID,2021-06-06 22:51:35
514,Udachny,66.4167,112.4,6.330000000000041,63,82,10.45,RU,2021-06-06 22:51:37
515,Barão de Melgaço,-16.1944,-55.9675,30.29000000000002,34,91,1.71,BR,2021-06-06 22:51:39
516,Cloppenburg,52.85,8.0333,13.879999999999995,98,60,2.83,DE,2021-06-06 22:51:41
517,Misratah,32.3754,15.0925,23.08000000000004,60,63,7.45,LY,2021-06-06 22:51:43
518,Aljezur,37.3191,-8.8033,16.230000000000018,79,0,4.41,PT,2021-06-06 22:51:46
519,Aflao,6.116,1.1914,28.07000000000005,78,20,3.09,TG,2021-06-06 22:51:48
520,Inuvik,68.3499,-133.7218,8.420000000000016,62,20,4.63,CA,2021-06-06 22:49:22
521,Puerto Colombia,10.9878,-74.9547,29.05000000000001,82,100,7.48,CO,2021-06-06 22:47:36
522,Nikšić,42.7731,18.9445,19.090000000000032,91,100,1.06,ME,2021-06-06 22:51:18
523,Shingū,33.7333,135.9833,20.78000000000003,80,100,0.3,JP,2021-06-06 22:51:55
524,Pong,19.1493,100.2752,23.360000000000014,99,100,1.08,TH,2021-06-06 22:51:57
525,Beausejour,50.0622,-96.5167,25.960000000000036,51,40,7.64,CA,2021-06-06 22:51:58
526,Tulum,20.2167,-87.4667,30.55000000000001,75,65,3.64,MX,2021-06-06 22:52:00
527,Mitsamiouli,-11.3847,43.2844,25.860000000000014,69,57,7.15,KM,2021-06-06 22:52:02
528,Manggar,-2.8833,108.2667,27.689999999999998,77,80,4.41,ID,2021-06-06 22:52:04
529,Dingle,10.9995,122.6711,25.82000000000005,82,100,0.91,PH,2021-06-06 22:48:19
530,Sangar,63.9242,127.4739,6.810000000000002,94,100,1.43,RU,2021-06-06 22:52:07
531,Buenos Aires,-34.6132,-58.3772,12.200000000000045,82,0,4.63,AR,2021-06-06 22:45:02
532,Ābyek,36.0667,50.55,20.78000000000003,34,0,3.21,IR,2021-06-06 22:52:11
533,Estevan,49.1334,-102.9842,24.189999999999998,17,1,11.32,CA,2021-06-06 22:52:14
534,Zyryanka,65.75,150.85,7.78000000000003,73,100,5.18,RU,2021-06-06 22:52:16
535,São Filipe,14.8961,-24.4956,23.680000000000007,71,36,5.05,CV,2021-06-06 22:52:18
536,Alta Floresta,-9.8756,-56.0861,24.960000000000036,61,70,1.55,BR,2021-06-06 22:52:20
537,Eten,-6.9081,-79.8642,21.140000000000043,84,90,5.31,PE,2021-06-06 22:52:21
538,Teya,60.3778,92.6267,6.360000000000014,97,100,1.35,RU,2021-06-06 22:48:36
539,Hūn,29.1268,15.9477,26.900000000000034,21,0,3.96,LY,2021-06-06 22:52:25
540,Arlit,18.7369,7.3853,33.81,13,54,4.68,NE,2021-06-06 22:52:27
541,Karasjok,69.4719,25.5112,3.0600000000000023,59,29,2.98,NO,2021-06-06 22:52:29
542,Dunedin,-45.8742,170.5036,11.560000000000002,72,97,2.68,NZ,2021-06-06 22:52:30
543,Yurimaguas,-5.9,-76.0833,24.230000000000018,92,88,1.05,PE,2021-06-06 22:52:32
544,Verkh-Chebula,56.0308,87.6218,13.07000000000005,95,99,7.21,RU,2021-06-06 22:52:34
545,Whitehorse,60.7161,-135.0538,12.79000000000002,81,75,6.71,CA,2021-06-06 22:52:35
546,Severnyy,50.677,36.5532,13.020000000000039,94,0,2.0,RU,2021-06-06 22:52:37
547,Samaná,19.2056,-69.3369,25.980000000000018,83,40,4.54,DO,2021-06-06 22:52:39
548,Ponte Nova,-20.4164,-42.9086,20.129999999999995,81,100,0.72,BR,2021-06-06 22:52:41
549,Luanda,-8.8368,13.2343,25.0,88,75,2.06,AO,2021-06-06 22:51:41
550,Inongo,-1.95,18.2667,20.400000000000034,97,100,3.8,CD,2021-06-06 22:52:44
551,Foxton,-40.4667,175.3,16.79000000000002,79,100,3.84,NZ,2021-06-06 22:52:46
552,Guarapari,-20.6667,-40.4975,22.939999999999998,87,100,4.44,BR,2021-06-06 22:51:41
553,Ponta Delgada,37.7333,-25.6667,18.400000000000034,88,20,3.09,PT,2021-06-06 22:52:50
554,Kloulklubed,7.0419,134.2556,26.960000000000036,81,100,3.14,PW,2021-06-06 22:52:51
555,Camden,39.7835,-74.9663,33.610000000000014,52,2,1.79,US,2021-06-06 22:52:55
556,Basco,20.4487,121.9702,28.83000000000004,75,100,4.89,PH,2021-06-06 22:51:05
557,Inverness,57.4791,-4.224,13.32000000000005,86,99,0.45,GB,2021-06-06 22:48:32
558,Krasnopavlivka,49.1372,36.3272,11.960000000000036,95,12,3.07,UA,2021-06-06 22:53:00
559,Stokmarknes,68.5646,14.9108,14.720000000000027,67,83,1.72,NO,2021-06-06 22:53:02
560,Vestmannaeyjar,63.4427,-20.2734,8.879999999999995,88,100,7.3,IS,2021-06-06 22:53:04
561,Gubkinskiy,64.434,76.5026,3.1000000000000227,64,10,4.65,RU,2021-06-06 22:53:06
562,Dalbandin,28.8947,64.4101,29.03000000000003,43,0,3.19,PK,2021-06-06 22:53:07
563,Lagoa,39.05,-27.9833,17.680000000000007,88,100,5.23,PT,2021-06-06 22:53:09
564,Krasnoarmeyskiy,47.0114,42.2072,12.980000000000018,92,53,3.46,RU,2021-06-06 22:53:11
565,Aguaí,-22.0594,-46.9786,18.610000000000014,58,77,2.17,BR,2021-06-06 22:53:13
566,Ostrovnoy,68.0531,39.5131,3.3100000000000023,93,7,2.92,RU,2021-06-06 22:53:15
567,Kambove,-10.8764,26.5969,13.270000000000039,67,98,2.42,CD,2021-06-06 22:53:17
568,Salym,60.0625,71.4789,9.75,91,100,2.78,RU,2021-06-06 22:53:19
569,Chara,56.9064,118.2631,11.810000000000002,78,87,4.02,RU,2021-06-06 22:50:12
570,Erzin,36.9559,36.2,21.670000000000016,62,0,1.03,TR,2021-06-06 22:53:22
571,Quirinópolis,-18.4483,-50.4517,22.680000000000007,43,87,0.96,BR,2021-06-06 22:52:10
572,Medicine Hat,50.0501,-110.6683,20.24000000000001,33,75,0.45,CA,2021-06-06 22:52:02
573,Arifwala,30.294,73.0735,34.44,29,0,3.04,PK,2021-06-06 22:53:29
574,Myitkyina,25.3833,97.4,23.129999999999995,98,100,0.71,MM,2021-06-06 22:53:31
575,Conceição do Araguaia,-8.2578,-49.2647,29.07000000000005,58,0,0.66,BR,2021-06-06 22:50:29
576,Kem',64.9555,34.5793,4.980000000000018,82,75,3.17,RU,2021-06-06 22:53:34
577,Kushiro,42.975,144.3747,19.53000000000003,59,75,3.3,JP,2021-06-06 22:53:36
578,Harper,4.375,-7.7169,25.590000000000032,88,100,5.29,LR,2021-06-06 22:53:38
579,Mana,5.6592,-53.7767,24.52000000000004,89,100,2.81,GF,2021-06-06 22:53:39
580,Pangody,65.85,74.4859,1.7600000000000477,72,39,3.96,RU,2021-06-06 22:53:41
581,Dakar,14.6937,-17.4441,24.49000000000001,83,2,3.09,SN,2021-06-06 22:43:58
582,Merritt,50.1123,-120.7942,15.460000000000036,37,99,2.94,CA,2021-06-06 22:53:44
583,Kamenka,51.3223,42.7678,12.140000000000043,94,60,2.92,RU,2021-06-06 22:53:46
584,Kavaratti,10.5669,72.642,27.82000000000005,78,100,5.59,IN,2021-06-06 22:53:48
585,Tvøroyri,61.5556,-6.8111,10.660000000000025,97,100,6.61,FO,2021-06-06 22:53:50
586,Chachapoyas,-6.2317,-77.869,13.330000000000041,96,99,0.71,PE,2021-06-06 22:53:52
587,Doha,25.2867,51.5333,33.99000000000001,67,0,2.06,QA,2021-06-06 22:53:54
588,Calbuco,-41.768,-73.1273,9.560000000000002,77,100,8.26,CL,2021-06-06 22:53:55
589,Vuktyl,63.8567,57.3094,5.7900000000000205,54,26,1.99,RU,2021-06-06 22:53:57
590,Weyburn,49.6668,-103.8511,23.120000000000005,20,11,9.26,CA,2021-06-06 22:54:00
591,Tabou,4.423,-7.3528,25.850000000000023,85,100,5.2,CI,2021-06-06 22:54:04
592,Chongqing,29.5628,106.5528,25.180000000000007,83,99,0.52,CN,2021-06-06 22:54:05
593,Balyqshy,47.0667,51.8667,16.0,44,20,3.0,KZ,2021-06-06 22:49:08
594,Kharp,66.8014,65.8081,0.9600000000000364,78,8,2.71,RU,2021-06-06 22:54:10
595,Vila Velha,-20.3297,-40.2925,22.970000000000027,90,0,0.89,BR,2021-06-06 22:50:34
596,Belyy Yar,53.6039,91.3903,8.939999999999998,87,0,2.11,RU,2021-06-06 22:54:17
597,Lahijan,37.2061,50.0029,18.110000000000014,90,3,1.73,IR,2021-06-06 22:54:19
598,Porosozero,62.7191,32.727,8.379999999999995,72,90,3.68,RU,2021-06-06 22:54:20
599,Zaozyornoye,45.1582,33.2787,15.53000000000003,83,81,4.05,UA,2021-06-06 22:54:22
600,Corinth,37.9407,22.9573,23.75,66,67,2.46,GR,2021-06-06 22:54:24
601,Jitaúna,-14.0189,-39.8889,19.939999999999998,99,58,0.28,BR,2021-06-06 22:52:13
602,Umm Kaddadah,13.6017,26.6876,30.30000000000001,14,3,4.7,SD,2021-06-06 22:54:27
603,Alanje,8.4,-82.55,28.170000000000016,88,40,2.57,PA,2021-06-06 22:54:29
604,Kautokeino,69.0125,23.0412,9.020000000000039,50,10,2.05,NO,2021-06-06 22:54:31
605,Mykhaylivka,47.2724,35.2224,14.150000000000034,90,74,3.26,UA,2021-06-06 22:54:33
606,Sítio Novo do Tocantins,-5.5183,-47.4611,26.02000000000004,64,53,0.79,BR,2021-06-06 22:54:35
607,Stornoway,58.2093,-6.3865,10.520000000000039,87,40,1.54,GB,2021-06-06 22:54:37
608,Bull Savanna,17.8868,-77.5902,26.860000000000014,71,14,6.22,JM,2021-06-06 22:54:38
609,Chapais,49.7834,-74.8492,24.879999999999995,38,71,2.83,CA,2021-06-06 22:54:40
610,Piaçabuçu,-10.4056,-36.4344,23.74000000000001,86,10,2.79,BR,2021-06-06 22:53:14
611,Kalakamati,-20.5929,27.3121,9.879999999999995,73,0,7.01,BW,2021-06-06 22:54:44
612,Marihatag,8.7936,126.2969,24.55000000000001,92,100,1.75,PH,2021-06-06 22:54:45
613,Zimovniki,47.1483,42.4633,13.07000000000005,92,53,3.33,RU,2021-06-06 22:54:47
614,College,64.8569,-147.8028,20.920000000000016,46,75,8.23,US,2021-06-06 22:53:04
615,Tahoua,14.8888,5.2692,26.350000000000023,61,67,9.24,NE,2021-06-06 22:54:52
616,Puerto Madero,14.7208,-92.4215,29.77000000000004,70,96,3.63,MX,2021-06-06 22:54:54
617,Qazanbulaq,40.6192,46.6519,18.430000000000007,64,87,5.72,AZ,2021-06-06 22:54:56
618,Umba,66.6871,34.3429,5.230000000000018,82,2,3.71,RU,2021-06-06 22:54:57
619,Cervo,43.6702,-7.4101,15.54000000000002,86,88,3.92,ES,2021-06-06 22:54:59
620,Saint-Ambroise,48.5501,-71.3324,25.30000000000001,63,34,1.95,CA,2021-06-06 22:55:01
621,Frontignan,43.4485,3.754,22.08000000000004,64,10,4.92,FR,2021-06-06 22:55:04
622,Forsytheganj,52.6333,29.7333,12.730000000000018,94,54,2.81,BY,2021-06-06 22:55:06
623,Oktyabr'skoye,43.0645,44.7417,13.080000000000041,100,96,2.09,RU,2021-06-06 22:55:07
624,Marrakesh,31.6315,-8.0083,27.04000000000002,44,0,3.09,MA,2021-06-06 22:55:09
625,Port Hardy,50.6996,-127.4199,13.100000000000023,71,75,6.69,CA,2021-06-06 22:51:06
626,Honningsvåg,70.9821,25.9704,4.57000000000005,71,2,3.02,NO,2021-06-06 22:53:44
627,Yanaul,56.2719,54.9309,12.240000000000009,71,3,0.58,RU,2021-06-06 22:55:14
628,Taraz,42.9,71.3667,22.230000000000018,49,90,8.0,KZ,2021-06-06 22:55:16
629,Port Augusta,-32.5,137.7667,13.730000000000018,63,5,7.91,AU,2021-06-06 22:55:18
630,Ayr,55.4627,-4.6339,11.29000000000002,81,0,1.54,GB,2021-06-06 22:55:20
631,Kjøllefjord,70.9457,27.3465,4.480000000000018,67,2,1.1,NO,2021-06-06 22:55:21
632,Saryozek,44.3583,77.9753,14.700000000000045,53,98,2.38,KZ,2021-06-06 22:55:23
633,Varhaug,58.6147,5.6457,11.75,85,100,4.32,NO,2021-06-06 22:55:27
634,Ambunti,-4.2365,142.8448,25.03000000000003,94,86,1.3,PG,2021-06-06 22:55:28
635,Estelle,29.8458,-90.1067,27.77000000000004,76,90,2.57,US,2021-06-06 22:55:30
636,Nemuro,43.3236,145.575,11.54000000000002,86,31,0.7,JP,2021-06-06 22:55:32
637,Filingué,14.3521,3.3168,27.07000000000005,65,88,12.99,NE,2021-06-06 22:55:34
638,Verkhnevilyuysk,63.4453,120.3167,9.930000000000007,77,91,5.59,RU,2021-06-06 22:55:36
639,Villa Bruzual,9.3328,-69.1208,22.220000000000027,92,100,1.37,VE,2021-06-06 22:55:37
640,Jobabo,20.9692,-76.2994,26.350000000000023,75,42,7.05,CU,2021-06-06 22:55:39
641,Riyadh,24.6877,46.7219,36.03000000000003,13,0,3.09,SA,2021-06-06 22:54:07
642,San Felipe,10.3399,-68.7425,22.610000000000014,94,100,1.27,VE,2021-06-06 22:55:43
643,Rocha,-34.4833,-54.3333,7.910000000000025,91,43,1.69,UY,2021-06-06 22:55:45
644,Qaqortoq,60.7167,-46.0333,5.150000000000034,80,100,2.19,GL,2021-06-06 22:55:47
645,Padang,-0.9492,100.3543,24.220000000000027,78,78,1.71,ID,2021-06-06 22:55:36
646,Ekhabi,53.5102,142.9671,2.8600000000000136,97,100,6.12,RU,2021-06-06 22:55:50
647,Manjeshwar,12.7194,74.8861,26.53000000000003,82,100,1.03,IN,2021-06-06 22:54:39
648,Fethiye,36.6217,29.1164,15.930000000000007,39,9,2.53,TR,2021-06-06 22:55:57
649,Muravlenko,63.7898,74.523,3.4600000000000364,63,8,2.62,RU,2021-06-06 22:55:59
650,Esil,51.9556,66.4042,13.860000000000014,38,56,2.5,KZ,2021-06-06 22:56:00
651,Bereket,39.2446,55.5154,22.660000000000025,59,0,3.74,TM,2021-06-06 22:56:02
652,Tecolutla,20.4833,-97.0167,30.02000000000004,69,28,6.66,MX,2021-06-06 22:56:04
653,Umluj,25.0213,37.2685,28.02000000000004,50,0,4.16,SA,2021-06-06 22:56:06
654,Mumbwa,-14.9783,27.0619,11.970000000000027,64,46,3.21,ZM,2021-06-06 22:56:07
655,Sechura,-5.5569,-80.8222,22.670000000000016,67,96,7.56,PE,2021-06-06 22:56:09
656,La Santisima Trinidad,-14.8333,-64.9,24.99000000000001,88,75,2.57,BO,2021-06-06 22:56:11
657,Esparta,15.7437,-87.1766,32.08000000000004,78,61,3.67,HN,2021-06-06 22:56:13
658,Erenhot,43.6475,111.9767,21.52000000000004,28,78,5.58,CN,2021-06-06 22:56:15
659,Bathsheba,13.2167,-59.5167,27.340000000000032,69,20,9.33,BB,2021-06-06 22:56:17
660,NEDJO,9.5046,35.5019,14.470000000000027,95,19,0.79,ET,2021-06-06 22:56:20
661,Horta,38.5333,-28.6333,17.910000000000025,88,100,3.72,PT,2021-06-06 22:56:22
662,Preobrazheniye,42.9019,133.9064,17.02000000000004,67,18,1.52,RU,2021-06-06 22:56:26
663,Vallenar,-28.5708,-70.7581,15.700000000000045,64,0,1.3,CL,2021-06-06 22:56:27
664,Nikel,69.4128,30.222,4.100000000000023,71,4,1.32,RU,2021-06-06 22:56:29
665,Talnakh,69.4865,88.3972,-0.22999999999996135,97,100,2.33,RU,2021-06-06 22:56:31
666,Maniitsoq,65.4167,-52.9,4.580000000000041,90,100,3.66,GL,2021-06-06 22:56:33
667,Liwale,-9.7667,37.9333,16.900000000000034,72,0,2.41,TZ,2021-06-06 22:56:35
668,Codrington,-38.2667,141.9667,14.04000000000002,62,100,10.09,AU,2021-06-06 22:56:31
669,Poya,-21.35,165.15,22.860000000000014,53,93,3.72,NC,2021-06-06 22:56:40
670,Saint-François,46.4154,3.9054,16.379999999999995,93,90,1.54,FR,2021-06-06 22:56:42
671,Bandarbeyla,9.4942,50.8122,26.04000000000002,87,3,11.33,SO,2021-06-06 22:56:44
672,Maumere,-8.6199,122.2111,25.79000000000002,79,69,1.01,ID,2021-06-06 22:56:47
673,Mbandaka,0.0487,18.2603,20.52000000000004,98,97,2.15,CD,2021-06-06 22:56:51
674,Oktyabr'skiy,54.4815,53.471,11.980000000000018,79,4,0.73,RU,2021-06-06 22:56:52
675,Ust-Maya,60.4167,134.5333,22.379999999999995,52,93,4.62,RU,2021-06-06 22:56:54
676,Kot Diji,27.3427,68.7083,31.010000000000048,54,1,7.44,PK,2021-06-06 22:56:56
677,Xining,36.6167,101.7667,9.930000000000007,81,87,0.95,CN,2021-06-06 22:56:59
678,Zinder,13.8072,8.9881,30.420000000000016,34,90,1.62,NE,2021-06-06 22:57:01
679,Pīpri,19.8,75.5333,26.180000000000007,74,72,3.15,IN,2021-06-06 22:57:03
680,Kisangani,0.5167,25.2,21.129999999999995,99,96,0.16,CD,2021-06-06 22:57:05
681,Mugango,-1.6833,33.7,21.100000000000023,70,21,3.52,TZ,2021-06-06 22:57:07
682,Juneau,58.3019,-134.4197,12.129999999999995,90,100,1.34,US,2021-06-06 22:56:58
683,Senneterre,48.3835,-77.2328,31.120000000000005,48,29,3.17,CA,2021-06-06 22:57:10
684,Wanning,18.8003,110.3967,26.189999999999998,91,30,1.45,CN,2021-06-06 22:57:12
685,Nurota,40.5614,65.6886,25.05000000000001,20,14,2.58,UZ,2021-06-06 22:57:14
686,Puerto Escondido,15.85,-97.0667,29.30000000000001,78,60,3.15,MX,2021-06-06 22:57:15
687,Kangaatsiaq,68.3065,-53.4641,3.0,89,45,4.64,GL,2021-06-06 22:57:17
688,São João da Barra,-21.6403,-41.0511,23.52000000000004,85,100,6.18,BR,2021-06-06 22:57:19
689,Cabedelo,-6.9811,-34.8339,23.370000000000005,86,39,5.73,BR,2021-06-06 22:57:21
690,Kamaishi,39.2667,141.8833,20.53000000000003,63,100,2.04,JP,2021-06-06 22:55:50
691,Mastic Beach,40.7668,-72.8521,30.02000000000004,68,21,1.34,US,2021-06-06 22:57:25
692,Mnogovershinnyy,53.9353,139.9242,5.330000000000041,89,96,2.69,RU,2021-06-06 22:57:26
693,Tura,25.5198,90.2201,22.189999999999998,98,82,3.34,IN,2021-06-06 22:57:30
694,Seydi,39.4816,62.9137,29.879999999999995,24,3,4.81,TM,2021-06-06 22:57:32
